product_name,product_url,product_price
Fear of God Athletics I バスケットボール / Fear of God Athletics I Basketball,https://shop.adidas.jp/products/IE6180/,
ガゼル インドア / Gazelle Indoor,https://shop.adidas.jp/products/IE7002/,
サンバ OG / SAMBA OG,https://shop.adidas.jp/products/B75807/,
サンバ OG / SAMBA OG,https://shop.adidas.jp/products/B75806/,
スタンスミス Lux / Stan Smith Lux,https://shop.adidas.jp/products/ID1994/,
サンバ OG メイドイン Italy / Samba OG Made In Italy,https://shop.adidas.jp/products/ID2864/,
Fear of God Athletics ロサンゼルス / Fear of God Athletics Los Angeles,https://shop.adidas.jp/products/IF4215/,
サンバ OG / Samba OG,https://shop.adidas.jp/products/IE3439/,
YEEZY BOOST 350 V2,https://shop.adidas.jp/products/IF3219/,
スーパースター / Superstar,https://shop.adidas.jp/products/EG4959/,
サンバ Decon / Samba Decon,https://shop.adidas.jp/products/IG6172/,
REF 22 ジャージー長袖,https://shop.adidas.jp/products/HP0751/,
Aerormotion ウーブンショーツ,https://shop.adidas.jp/products/GU6387/,
スポーツ グラフィック カリ Tシャツ,https://shop.adidas.jp/products/IU0217/,
トラックパンツ（ジャージ）,https://shop.adidas.jp/products/IU0215/,
サンバ Decon / Samba Decon,https://shop.adidas.jp/products/IG6171/,
アディカラー クラシックス ベッケンバウアー トラックトップ（ジャージ）,https://shop.adidas.jp/products/II5763/,
スケートボーディング SST トラックパンツ（ジェンダーニュートラル）,https://shop.adidas.jp/products/IU0118/,
SST トラックトップ（ジャージ）,https://shop.adidas.jp/products/IS3322/,
アディカラー クラシックス SST トラックパンツ（ジャージ）,https://shop.adidas.jp/products/IL2488/,
アディカラー クラシックス ベッケンバウアー トラックパンツ（ジャージ）,https://shop.adidas.jp/products/II5764/,
アディカラー クラシックス ベッケンバウアー トラックパンツ（ジャージ）,https://shop.adidas.jp/products/IP0421/,
アディカラー ウーブン ファイヤーバードトラックパンツ（ジャージ）,https://shop.adidas.jp/products/IT2501/,
エッセンシャルズ プラス レギュラーフィット スリーストライプス フレンチテリー カフパンツ,https://shop.adidas.jp/products/JF3937/,
アディカラー クラシックス ファイヤーバード トラックパンツ（ジャージ）,https://shop.adidas.jp/products/IJ7055/,
トラックパンツ（ジェンダーニュートラル）,https://shop.adidas.jp/products/IZ4927/,
トラックパンツ（ジェンダーニュートラル）,https://shop.adidas.jp/products/IZ4926/,
アディスター COLD. RDY / Adistar COLD. RDY,https://shop.adidas.jp/products/HP9632/,
トラックパンツ（ジェンダーニュートラル）,https://shop.adidas.jp/products/IK9153/,
Kaptir 3.0 ワイド / Kaptir 3.0 Wide,https://shop.adidas.jp/products/IG3547/,
スーパーノヴァ ライズ / Supernova Rise,https://shop.adidas.jp/products/IF3015/,
ウルトラブーストライト W / ULTRABOOST LIGHT W,https://shop.adidas.jp/products/GY9352/,
ウルトラブーストライト GTX / ULTRABOOST LIGHT GTX,https://shop.adidas.jp/products/IE1683/,
スーパーノヴァ ライズ / Supernova Rise,https://shop.adidas.jp/products/IG5843/,
スーパーノヴァ ライズ / Supernova Rise,https://shop.adidas.jp/products/IF9837/,
ウルトラブーストライト M / ULTRABOOST LIGHT M,https://shop.adidas.jp/products/GZ5159/,
アディゼロ アディオス プロ エヴォ 1 / adizero adios Pro EVO 1,https://shop.adidas.jp/products/IH5564/,
アディゼロ プライム X 2 ストラング / Adizero Prime X 2 STRUNG,https://shop.adidas.jp/products/HP9708/,
アディゼロ アディオス プロ 3 M / ADIZERO ADIOS PRO 3 M,https://shop.adidas.jp/products/IG6443/,
アディゼロ アディオス プロ 3 M / ADIZERO ADIOS PRO 3 M,https://shop.adidas.jp/products/IG6440/,
ファイヤーバード クラシック モノトラックトップ（ジャージ）,https://shop.adidas.jp/products/IS2925/,
アディカラー クラシックス ベッケンバウアー トラックトップ（ジャージ）,https://shop.adidas.jp/products/IM4511/,
アディカラー クラシックス ベッケンバウアー トラックトップ（ジャージ）,https://shop.adidas.jp/products/IP0418/,
プレミアム トラックトップ,https://shop.adidas.jp/products/IS1416/,
スポーツ グラフィック カリ Tシャツ,https://shop.adidas.jp/products/IS1413/,
アディカラー クラシックス ファイヤーバード トラックトップ（ジャージ）,https://shop.adidas.jp/products/IR9893/,
アディカラー クラシックス ベッケンバウアー トラックトップ（ジャージ）,https://shop.adidas.jp/products/IY8077/,
アディカラー ウーブン ファイヤーバード トラックトップ（ジャージ）,https://shop.adidas.jp/products/IT2491/,
